timestamp,open,high,low,close,volume,close_time,quote_asset_volume,number_of_trades,taker_buy_base_asset_volume,taker_buy_quote_asset_volume,ignore
2023-05-01 01:30:00,29239.20,29250.00,28333.00,28488.30,69090.858,1682906399999,1982908489.69812,432006,29377.480,842579262.97010,0
2023-05-01 02:00:00,28488.20,28666.00,28392.50,28567.80,25567.688,1682908199999,730294252.79120,203287,12769.588,364812737.24800,0
2023-05-01 02:30:00,28567.80,28624.00,28510.00,28535.00,8575.696,1682909999999,245083620.55070,90792,3516.479,100509871.29960,0
2023-05-01 03:00:00,28535.00,28584.30,28420.00,28573.10,12593.520,1682911799999,358978980.11260,116812,6372.835,181691319.95600,0
2023-05-01 03:30:00,28573.00,28576.70,28525.00,28545.60,4950.027,1682913599999,141329263.81440,60994,2500.454,71392972.68240,0
2023-05-01 04:00:00,28545.60,28577.30,28491.00,28530.10,5506.125,1682915399999,157111300.52590,60930,2820.538,80493688.52300,0
2023-05-01 04:30:00,28530.10,28544.80,28470.10,28543.70,5152.604,1682917199999,146876660.13960,57702,2455.398,69996016.19160,0
2023-05-01 05:00:00,28543.70,28620.00,28518.40,28532.80,8697.938,1682918999999,248564547.53370,89816,4298.608,122847299.46860,0
2023-05-01 05:30:00,28532.80,28535.00,28200.00,28468.00,25798.377,1682920799999,732598240.94761,200728,11360.985,322708489.56500,0
2023-05-01 06:00:00,28467.90,28542.40,28435.60,28541.90,7587.420,1682922599999,216145970.85276,80360,4441.502,126541948.91656,0
2023-05-01 06:30:00,28542.00,28587.30,28522.50,28578.00,5157.315,1682924399999,147231443.32410,64893,2764.828,78935510.84760,0
2023-05-01 07:00:00,28578.00,28700.00,28559.80,28644.10,14362.941,1682926199999,411274375.89120,135372,7984.799,228646693.89300,0
2023-05-01 07:30:00,28644.00,28650.80,28579.20,28610.00,5728.518,1682927999999,163915279.82690,69888,2275.400,65110389.76540,0
2023-05-01 08:00:00,28609.90,28616.80,28529.90,28582.40,5810.859,1682929799999,166031455.34700,62896,2437.790,69656366.23530,0
2023-05-01 08:30:00,28582.30,28600.00,28537.40,28561.40,4027.121,1682931599999,115056444.92790,48077,2059.581,58849218.80500,0
2023-05-01 09:00:00,28561.40,28659.20,28540.60,28587.90,5540.123,1682933399999,158436028.33040,63669,3133.822,89622872.08460,0
2023-05-01 09:30:00,28588.00,28602.00,28473.50,28511.70,8153.313,1682935199999,232619774.59760,83096,3543.639,101107328.38950,0
2023-05-01 10:00:00,28511.70,28550.90,28497.10,28524.80,3879.458,1682936999999,110645713.53920,48825,2044.926,58328452.93190,0
2023-05-01 10:30:00,28524.90,28549.70,28464.60,28537.90,3986.782,1682938799999,113659384.26140,57726,2033.640,57984771.02530,0
2023-05-01 11:00:00,28537.80,28571.50,28485.50,28533.60,4740.613,1682940599999,135221796.37060,59362,2207.086,62963377.41250,0
2023-05-01 11:30:00,28533.60,28559.40,28493.10,28510.60,3323.715,1682942399999,94817810.35100,44546,1679.200,47905594.69760,0
2023-05-01 12:00:00,28510.60,28567.00,28426.30,28562.20,8602.292,1682944199999,245105382.51280,86031,4170.683,118867498.50160,0
2023-05-01 12:30:00,28562.20,28596.50,28535.10,28581.40,5855.925,1682945999999,167312768.29830,70584,3062.437,87502536.70980,0
2023-05-01 13:00:00,28581.40,28597.10,28533.00,28582.90,3851.641,1682947799999,110028786.85760,51969,1935.259,55286225.34290,0
2023-05-01 13:30:00,28582.80,28618.00,28425.00,28445.40,11717.409,1682949599999,334095544.16990,140297,5481.301,156321578.74130,0
2023-05-01 14:00:00,28445.40,28565.00,28300.00,28468.40,24815.786,1682951399999,705884200.44552,212475,12527.481,356443525.50506,0
2023-05-01 14:30:00,28468.40,28516.80,28404.80,28462.50,8125.653,1682953199999,231202118.34030,104156,4203.211,119602218.98980,0
2023-05-01 15:00:00,28462.50,28479.60,28060.00,28099.10,43472.397,1682954999999,1227346374.17783,311866,18502.727,522454754.26190,0
2023-05-01 15:30:00,28099.20,28199.10,28052.10,28158.30,23738.523,1682956799999,667926774.54710,213754,11639.379,327505836.17840,0
2023-05-01 16:00:00,28158.50,28261.00,28000.00,28106.50,25542.007,1682958599999,718453858.65710,203580,11772.036,331221554.40770,0
2023-05-01 16:30:00,28106.50,28383.90,28106.50,28350.50,17967.846,1682960399999,507820101.02296,155516,10596.112,299482220.82696,0
2023-05-01 17:00:00,28350.40,28402.30,28150.00,28169.50,16617.488,1682962199999,470197162.64890,131206,6849.377,193908919.55830,0
2023-05-01 17:30:00,28169.60,28320.00,28147.80,28266.20,9816.906,1682963999999,277237960.72040,100778,5370.321,151664566.54220,0
2023-05-01 18:00:00,28266.10,28279.10,28164.70,28199.90,6117.840,1682965799999,172670458.18160,72318,2643.263,74597543.28990,0
2023-05-01 18:30:00,28199.90,28200.00,28066.00,28161.80,10811.793,1682967599999,304149024.20144,125603,5279.185,148513374.56080,0
2023-05-01 19:00:00,28161.80,28179.60,27780.00,28003.10,43568.116,1682969399999,1216856361.47349,290797,20199.437,564154380.07720,0
2023-05-01 19:30:00,28003.10,28023.70,27808.00,27833.90,18440.204,1682971199999,514718961.78100,185881,9204.602,256920511.90270,0
2023-05-01 20:00:00,27833.90,27950.00,27736.40,27836.00,16650.046,1682972999999,463559864.59162,169273,8182.625,227847192.81560,0
2023-05-01 20:30:00,27836.00,27925.80,27650.00,27663.70,17726.026,1682974799999,492220686.92860,176631,8414.291,233687044.39190,0
2023-05-01 21:00:00,27663.70,27880.00,27657.80,27873.80,10252.199,1682976599999,284917177.00240,118789,5732.784,159307957.39270,0
2023-05-01 21:30:00,27873.80,28073.00,27864.60,27975.30,12578.042,1682978399999,351992264.86098,115144,6973.941,195157845.21428,0
2023-05-01 22:00:00,27975.20,28033.90,27922.70,27960.90,5583.823,1682980199999,156201102.74300,78119,2648.963,74111159.25570,0
2023-05-01 22:30:00,27960.80,28143.00,27929.40,28001.80,10882.165,1682981999999,305100350.66584,117214,5658.724,158679262.00274,0
2023-05-01 23:00:00,28001.70,28127.70,27988.60,28080.90,7170.770,1682983799999,201341010.27420,96711,3759.726,105560750.84400,0
2023-05-01 23:30:00,28081.00,28119.90,28044.00,28054.40,4189.739,1682985599999,117661069.26060,59840,1632.128,45840524.01330,0
2023-05-02 00:00:00,28054.50,28068.80,27963.50,28065.30,9212.343,1682987399999,258036259.96420,95714,3963.942,111042629.97170,0
2023-05-02 00:30:00,28065.30,28131.90,28007.00,28033.00,5695.245,1682989199999,159910778.54560,79027,3063.062,86008801.12540,0
2023-05-02 01:00:00,28033.00,28070.00,27990.30,28033.70,3713.070,1682990999999,104076933.58920,54055,1634.724,45822324.28220,0
2023-05-02 01:30:00,28033.70,28083.40,27899.70,27927.20,9032.668,1682992799999,252732955.97418,89535,4013.084,112307151.90860,0
2023-05-02 02:00:00,27927.20,28027.50,27913.10,27947.60,5242.087,1682994599999,146603619.86370,78781,2758.861,77160226.58010,0
2023-05-02 02:30:00,27947.70,28005.00,27931.60,28000.00,3331.628,1682996399999,93190412.72800,52499,1839.988,51470055.45130,0
2023-05-02 03:00:00,28000.00,28013.20,27916.20,27933.90,3546.552,1682998199999,99158390.96390,49272,1786.023,49938478.21830,0
2023-05-02 03:30:00,27933.80,28038.00,27916.00,28031.90,4567.497,1682999999999,127871068.26090,62581,2547.408,71317804.07180,0
2023-05-02 04:00:00,28031.90,28035.20,27943.10,27962.00,2991.590,1683001799999,83749180.61500,41765,1191.902,33368411.15640,0
2023-05-02 04:30:00,27962.10,27984.00,27901.00,27916.90,4050.468,1683003599999,113182768.18010,47677,1762.153,49248562.76520,0
2023-05-02 05:00:00,27916.90,27959.30,27854.00,27937.30,6378.390,1683005399999,178061914.59480,67451,2916.932,81439368.07320,0
2023-05-02 05:30:00,27937.30,28006.30,27918.00,27987.20,3802.163,1683007199999,106362122.26930,48060,2211.250,61858158.81020,0
2023-05-02 06:00:00,27987.20,28024.10,27951.50,27969.60,4239.858,1683008999999,118677756.07140,59635,2077.079,58143108.29750,0
2023-05-02 06:30:00,27969.50,28003.90,27960.80,27983.40,2475.254,1683010799999,69271010.24880,34431,1522.894,42622476.48530,0
2023-05-02 07:00:00,27983.30,28158.00,27974.70,28056.80,11473.247,1683012599999,322163610.91724,108869,6707.133,188330479.77454,0
2023-05-02 07:30:00,28056.70,28064.70,28000.10,28045.00,4457.287,1683014399999,124938296.35070,59924,1791.334,50212774.24990,0
2023-05-02 08:00:00,28045.10,28121.80,28044.30,28052.20,6255.851,1683016199999,175687689.09310,82099,3066.155,86109338.39960,0
2023-05-02 08:30:00,28052.10,28072.80,28002.50,28017.80,3925.430,1683017999999,110049325.85330,55721,1734.073,48614793.81530,0
2023-05-02 09:00:00,28017.80,28060.00,27921.60,27949.50,8448.448,1683019799999,236444123.01698,75725,3464.325,96970945.15290,0
2023-05-02 09:30:00,27949.50,28021.30,27931.20,27970.00,6034.630,1683021599999,168802165.78780,64091,3208.175,89746738.00560,0
2023-05-02 10:00:00,27970.00,28008.00,27953.10,27968.70,3215.789,1683023399999,89974565.15390,42479,1751.274,49004092.76670,0
2023-05-02 10:30:00,27968.60,28036.00,27968.60,28001.10,3224.720,1683025199999,90328855.12200,44795,1813.247,50789432.11690,0
2023-05-02 11:00:00,28001.10,28090.00,28001.10,28045.50,4845.988,1683026999999,135920684.75460,52137,2958.033,82961365.05650,0
2023-05-02 11:30:00,28045.50,28076.80,28013.90,28076.10,3225.878,1683028799999,90465756.78810,46274,1494.963,41929074.99090,0
2023-05-02 12:00:00,28076.20,28086.90,27981.50,28029.80,3805.804,1683030599999,106704204.34380,54201,1718.428,48182895.70980,0
2023-05-02 12:30:00,28029.90,28250.00,28023.10,28095.70,19037.896,1683032399999,535757030.18267,164477,10492.944,295324604.12637,0
2023-05-02 13:00:00,28095.70,28129.70,28023.00,28048.40,7348.251,1683034199999,206302827.77010,82686,3463.231,97246310.07280,0
2023-05-02 13:30:00,28048.30,28090.50,27917.90,27994.90,14213.560,1683035999999,397833614.68748,145324,6630.859,185623430.59500,0
2023-05-02 14:00:00,27994.90,28544.00,27900.00,28484.60,52090.201,1683037799999,1469201457.45133,348543,29497.877,832406663.74513,0
2023-05-02 14:30:00,28484.60,28624.80,28280.20,28357.90,65040.293,1683039599999,1851686672.29446,419128,31081.603,885060070.35610,0
2023-05-02 15:00:00,28357.90,28590.00,28250.40,28493.80,30644.991,1683041399999,871003824.37846,243634,16098.331,457548686.07346,0
2023-05-02 15:30:00,28493.80,28778.00,28366.10,28521.10,39389.666,1683043199999,1125940297.18447,299448,20237.783,578638022.30861,0
2023-05-02 16:00:00,28521.00,28608.20,28430.90,28529.60,19782.586,1683044999999,563958949.95300,176703,9676.734,275871225.90820,0
2023-05-02 16:30:00,28529.70,28592.00,28427.20,28457.10,9503.036,1683046799999,270805305.93040,120147,4510.146,128547997.80860,0
2023-05-02 17:00:00,28457.10,28547.80,28412.00,28481.70,8878.282,1683048599999,252785982.21360,111744,4378.934,124684674.30660,0
2023-05-02 17:30:00,28481.70,28584.40,28456.50,28569.70,7550.814,1683050399999,215424364.25980,106696,3839.851,109552183.66630,0
2023-05-02 18:00:00,28569.70,28700.00,28522.40,28582.50,12654.273,1683052199999,361924357.98310,142552,6297.216,180142624.05370,0
2023-05-02 18:30:00,28582.50,28780.00,28553.40,28707.30,17117.979,1683053999999,491155404.51370,173281,9095.069,260970881.39090,0
2023-05-02 19:00:00,28707.30,28888.00,28652.00,28789.00,22515.470,1683055799999,648264368.15919,211234,12041.143,346732897.21249,0
2023-05-02 19:30:00,28788.90,28810.00,28633.10,28676.40,12131.381,1683057599999,348442929.54520,139876,5501.909,158043460.98180,0
2023-05-02 20:00:00,28676.50,28720.70,28620.90,28691.20,7905.692,1683059399999,226627353.61370,106490,4207.625,120632275.37450,0
2023-05-02 20:30:00,28691.20,28779.00,28644.00,28661.50,6601.882,1683061199999,189534458.11360,88691,3382.316,97121770.59710,0
2023-05-02 21:00:00,28661.60,28661.60,28600.60,28635.30,4306.149,1683062999999,123302656.96230,60060,2021.868,57899182.32730,0
2023-05-02 21:30:00,28635.40,28686.00,28601.00,28649.60,3297.403,1683064799999,94450797.16630,55850,1707.803,48921260.11810,0
2023-05-02 22:00:00,28649.60,28758.30,28639.00,28756.00,8289.250,1683066599999,237988592.20140,88467,5049.033,144966010.02660,0
2023-05-02 22:30:00,28755.90,28820.00,28706.30,28727.00,8863.178,1683068399999,254836264.99810,97422,4776.859,137357729.88820,0
2023-05-02 23:00:00,28727.00,28758.50,28640.00,28662.10,5289.467,1683070199999,151780256.80680,68871,2313.642,66398885.03380,0
2023-05-02 23:30:00,28662.20,28670.90,28618.00,28656.50,3902.684,1683071999999,111779197.69960,56161,1947.106,55770981.48890,0
2023-05-03 00:00:00,28656.40,28682.10,28540.60,28618.30,9702.945,1683073799999,277601505.26220,98188,4473.877,128012163.08940,0
2023-05-03 00:30:00,28618.20,28631.40,28468.00,28492.00,9481.038,1683075599999,270597308.09486,97434,3993.265,113979281.29710,0
2023-05-03 01:00:00,28492.10,28564.00,28472.00,28503.90,5993.423,1683077399999,170883652.55470,69066,3279.450,93504576.21140,0
2023-05-03 01:30:00,28503.90,28586.10,28488.20,28527.90,6450.288,1683079199999,184080121.95930,70443,3803.848,108566158.26970,0
2023-05-03 02:00:00,28527.90,28534.10,28324.40,28435.60,14671.999,1683080999999,416818315.48622,121910,6386.644,181425639.05240,0
2023-05-03 02:30:00,28435.60,28497.90,28430.70,28497.80,4404.426,1683082799999,125404415.66060,58237,2360.222,67200721.18770,0
2023-05-03 03:00:00,28497.80,28520.20,28433.00,28507.30,4444.997,1683084599999,126591170.14430,54642,2265.139,64517950.27250,0
2023-05-03 03:30:00,28507.40,28528.40,28460.10,28505.40,2959.507,1683086399999,84368298.86670,45030,1700.291,48472603.48290,0
2023-05-03 04:00:00,28505.50,28510.00,28451.00,28507.50,3655.273,1683088199999,104130290.88160,45567,1812.694,51642311.86640,0
2023-05-03 04:30:00,28507.40,28510.00,28407.30,28499.90,4707.757,1683089999999,134019391.28920,51841,2063.842,58766469.25050,0
2023-05-03 05:00:00,28500.00,28510.00,28450.50,28473.80,3170.203,1683091799999,90317206.33690,38137,1675.310,47731462.69120,0
2023-05-03 05:30:00,28473.90,28499.20,28444.50,28467.80,2636.307,1683093599999,75053129.88000,39969,1281.481,36484860.99130,0
2023-05-03 06:00:00,28467.90,28518.60,28420.00,28518.60,5229.435,1683095399999,148856390.42390,63149,2799.514,79700526.90510,0
2023-05-03 06:30:00,28518.60,28674.00,28503.00,28589.50,15074.981,1683097199999,431018966.61140,139078,8334.777,238300668.56890,0
2023-05-03 07:00:00,28589.50,28658.60,28568.40,28644.10,5427.180,1683098999999,155255380.92540,71451,2905.765,83134228.85560,0
2023-05-03 07:30:00,28644.10,28659.00,28606.90,28638.30,4276.296,1683100799999,122424377.76910,54414,2024.526,57961483.13260,0
2023-05-03 08:00:00,28638.40,28749.50,28572.90,28698.40,9624.898,1683102599999,275821803.62430,91337,5107.308,146418056.47490,0
2023-05-03 08:30:00,28698.50,28758.90,28646.40,28676.80,10330.739,1683104399999,296552555.10120,112913,5276.176,151477719.47060,0
2023-05-03 09:00:00,28676.70,28685.10,28615.10,28631.50,4935.507,1683106199999,141379794.58870,64804,2065.604,59168587.46130,0
2023-05-03 09:30:00,28631.50,28671.60,28590.00,28653.30,4150.294,1683107999999,118836578.03690,53199,2253.987,64546333.58690,0
2023-05-03 10:00:00,28653.30,28668.90,28594.60,28615.90,4406.372,1683109799999,126161035.69440,59596,1850.529,52989138.17890,0
2023-05-03 10:30:00,28615.80,28657.40,28545.00,28565.40,6409.755,1683111599999,183357428.53950,68664,2926.273,83726831.42230,0
2023-05-03 11:00:00,28565.40,28641.80,28534.20,28625.30,5956.055,1683113399999,170242774.56740,70767,3324.461,95038128.98170,0
2023-05-03 11:30:00,28625.20,28628.00,28515.00,28535.10,6467.585,1683115199999,184746206.89066,81670,2689.071,76820048.78250,0
2023-05-03 12:00:00,28535.00,28567.00,28440.00,28525.30,13288.344,1683116999999,378826048.46160,152667,6830.823,194748958.89090,0
2023-05-03 12:30:00,28525.30,28535.00,28220.00,28296.40,30879.432,1683118799999,875006794.01121,238098,14083.679,399033466.14370,0
2023-05-03 13:00:00,28296.30,28296.40,28115.40,28215.70,24818.581,1683120599999,700174363.81617,212692,12156.056,342954225.65240,0
2023-05-03 13:30:00,28215.60,28386.50,28200.10,28359.10,19800.656,1683122399999,560617827.89386,192863,10604.962,300268027.80156,0
2023-05-03 14:00:00,28359.10,28365.90,28215.00,28220.00,10721.448,1683124199999,303409964.95860,119826,4254.734,120416092.93080,0
2023-05-03 14:30:00,28220.00,28275.80,28080.00,28206.60,16277.608,1683125999999,458957740.61894,174391,7749.548,218570184.23370,0
2023-05-03 15:00:00,28206.60,28290.00,28130.20,28224.20,10997.495,1683127799999,310301148.78770,135487,5745.037,162113137.48140,0
2023-05-03 15:30:00,28224.20,28336.80,28209.80,28292.70,8288.373,1683129599999,234412182.91446,105691,4365.130,123460359.56526,0
2023-05-03 16:00:00,28292.60,28469.80,28230.10,28414.70,14241.041,1683131399999,403676358.48850,130602,8133.925,230614615.79090,0
2023-05-03 16:30:00,28414.70,28480.00,28320.10,28464.70,11958.939,1683133199999,339640947.14470,126349,6161.500,175032379.07970,0
2023-05-03 17:00:00,28464.80,28640.00,28391.20,28562.40,21018.149,1683134999999,599339968.96136,176871,11222.878,320029492.04436,0
2023-05-03 17:30:00,28562.30,28773.50,28394.10,28559.30,34275.785,1683136799999,981013658.41917,289836,17533.786,502004886.43711,0
2023-05-03 18:00:00,28559.20,28800.00,28458.70,28508.00,49166.700,1683138599999,1405433849.77016,388294,24255.004,693553762.46840,0
2023-05-03 18:30:00,28508.00,28599.50,28215.00,28429.20,55035.431,1683140399999,1564250217.19777,395477,26916.892,765147746.26946,0
2023-05-03 19:00:00,28429.30,28493.40,28200.00,28340.00,33141.313,1683142199999,939093434.44456,259339,17129.867,485444759.48590,0
2023-05-03 19:30:00,28339.90,28383.00,28275.00,28308.80,10871.835,1683143999999,308003075.59010,134806,5230.869,148211213.76850,0
2023-05-03 20:00:00,28308.80,28468.40,28288.00,28399.00,9456.982,1683145799999,268575300.20880,101747,5455.992,154955413.49690,0
2023-05-03 20:30:00,28399.00,28569.20,28267.30,28503.40,14897.609,1683147599999,423321349.02426,140423,7738.816,219973274.30946,0
2023-05-03 21:00:00,28503.50,29011.30,28501.30,28835.90,38503.310,1683149399999,1109011069.48194,285542,21307.457,613687938.96954,0
2023-05-03 21:30:00,28835.90,29051.90,28835.90,28915.00,21146.523,1683151199999,612326129.63301,205652,11434.341,331139644.18631,0
2023-05-03 22:00:00,28915.10,29258.40,28915.00,29169.00,34687.572,1683152999999,1009945660.54961,285010,19407.943,565075773.78551,0
2023-05-03 22:30:00,29169.00,29217.80,29073.00,29096.00,16404.052,1683154799999,478086814.39790,160860,7742.017,225650484.11010,0
2023-05-03 23:00:00,29096.10,29126.50,29000.90,29030.10,12158.755,1683156599999,353387211.57730,128522,5456.245,158600663.25140,0
2023-05-03 23:30:00,29030.10,29068.90,28932.60,29018.40,9863.037,1683158399999,285997197.30410,114881,4894.269,141926047.85700,0
2023-05-04 00:00:00,29018.40,29097.60,28980.00,29023.60,8731.441,1683160199999,253563758.38170,101647,4786.245,139004549.06130,0
2023-05-04 00:30:00,29023.60,29074.10,28938.50,29030.00,7206.379,1683161999999,209036726.06980,92487,3432.036,99569880.63710,0
2023-05-04 01:00:00,29030.00,29067.60,28962.20,28968.30,4551.107,1683163799999,132072644.72010,66110,2318.310,67284299.19340,0
2023-05-04 01:30:00,28968.40,29063.00,28968.30,29057.40,3861.751,1683165599999,112072965.00020,62009,2124.839,61663650.57460,0
2023-05-04 02:00:00,29057.40,29176.60,29024.70,29025.00,8777.279,1683167399999,255438858.46220,105421,4715.947,137262196.17320,0
2023-05-04 02:30:00,29025.00,29063.70,28979.70,29052.40,6143.473,1683169199999,178261382.55610,74908,3285.874,95352738.07430,0
2023-05-04 03:00:00,29052.30,29087.10,29025.00,29055.00,4883.363,1683170999999,141906500.68410,66216,2575.844,74853478.68470,0
2023-05-04 03:30:00,29055.00,29093.20,29000.00,29084.70,4672.889,1683172799999,135739088.69900,66608,2288.094,66476896.22360,0
2023-05-04 04:00:00,29084.70,29112.30,29061.00,29083.20,4370.253,1683174599999,127104537.94580,59045,2243.636,65259405.93390,0
2023-05-04 04:30:00,29083.20,29115.50,29050.30,29089.80,4289.773,1683176399999,124783509.31400,58569,2221.964,64635386.81210,0
2023-05-04 05:00:00,29089.80,29109.90,29044.00,29106.60,4107.664,1683178199999,119476764.61410,56528,2065.913,60094106.50920,0
2023-05-04 05:30:00,29106.60,29220.00,29103.00,29191.00,11810.816,1683179999999,344421297.85760,125465,6560.371,191321145.71640,0
2023-05-04 06:00:00,29190.90,29228.10,29085.60,29110.10,7924.767,1683181799999,230960127.21610,97106,3717.930,108369644.80740,0
2023-05-04 06:30:00,29110.10,29172.10,29076.10,29149.30,4523.846,1683183599999,131776901.64010,63290,2351.793,68510102.37980,0
2023-05-04 07:00:00,29149.20,29168.30,29064.70,29085.40,5748.959,1683185399999,167356523.59990,75344,2421.865,70504336.71030,0
2023-05-04 07:30:00,29085.40,29110.00,29022.40,29048.60,7565.393,1683187199999,219870599.36540,98128,3767.405,109504701.91460,0
2023-05-04 08:00:00,29048.70,29078.00,28967.40,29068.30,9191.276,1683188999999,266737807.34350,92753,4349.528,126244639.14960,0
2023-05-04 08:30:00,29068.40,29096.50,29014.70,29076.80,4832.715,1683190799999,140462521.68810,65670,2511.224,72997150.68090,0
2023-05-04 09:00:00,29076.80,29105.00,29021.20,29044.00,4428.310,1683192599999,128701538.57690,56053,2063.811,59989477.42070,0
2023-05-04 09:30:00,29043.90,29081.00,29031.50,29079.50,3514.774,1683194399999,102122818.71180,43875,1902.730,55287520.86930,0
2023-05-04 10:00:00,29079.50,29190.00,29053.80,29156.50,8776.278,1683196199999,255623859.95920,97667,4911.213,143062895.34320,0
2023-05-04 10:30:00,29156.50,29380.00,29145.00,29234.60,30475.790,1683197999999,892039877.06033,270129,16675.938,488169153.99693,0
2023-05-04 11:00:00,29234.60,29255.10,29165.70,29171.50,7634.327,1683199799999,222968138.29250,102442,3509.203,102494620.41700,0
2023-05-04 11:30:00,29171.50,29200.00,29100.00,29145.00,9236.253,1683201599999,269201380.81012,104731,4193.589,122241154.61960,0
2023-05-04 12:00:00,29145.00,29195.50,29082.60,29175.80,9045.477,1683203399999,263669838.08820,104808,4600.043,134108848.02810,0
2023-05-04 12:30:00,29175.80,29221.50,28970.00,29045.00,20344.081,1683205199999,591384720.99690,193578,8579.136,249403212.09440,0
2023-05-04 13:00:00,29045.00,29078.40,28800.00,28869.90,25178.729,1683206999999,728122719.92789,208665,10870.336,314367629.25490,0
2023-05-04 13:30:00,28870.00,28906.80,28660.00,28745.60,38428.613,1683208799999,1105184502.85841,305467,18760.387,539583315.93600,0
2023-05-04 14:00:00,28745.60,28880.00,28717.00,28841.30,18330.064,1683210599999,527765838.16780,189948,9316.032,268249944.12830,0
2023-05-04 14:30:00,28841.20,28930.00,28738.60,28770.00,15671.006,1683212399999,451884313.05060,169191,7191.076,207430100.46960,0
2023-05-04 15:00:00,28769.90,28933.60,28758.90,28879.30,12705.533,1683214199999,366833725.34580,146637,6693.537,193261906.79880,0
2023-05-04 15:30:00,28879.30,28882.60,28825.00,28850.00,6231.247,1683215999999,179811083.56280,78180,2754.544,79489098.81900,0
2023-05-04 16:00:00,28850.00,28966.00,28790.50,28924.10,12231.622,1683217799999,353287863.08200,127132,6405.293,185047362.61580,0
2023-05-04 16:30:00,28924.00,28936.00,28832.60,28909.40,7118.535,1683219599999,205616859.67780,95115,3472.597,100311946.62780,0
2023-05-04 17:00:00,28909.40,28948.40,28840.50,28855.00,6612.795,1683221399999,191095083.31170,89761,3006.972,86906044.90790,0
2023-05-04 17:30:00,28854.90,28874.00,28775.30,28830.90,9903.289,1683223199999,285417274.60970,120237,4333.511,124903524.80760,0
2023-05-04 18:00:00,28830.90,28843.90,28666.00,28707.70,12543.682,1683224999999,360744696.18050,119819,5368.001,154399775.38190,0
2023-05-04 18:30:00,28707.60,28797.00,28660.00,28786.10,9777.525,1683226799999,280979999.24530,115269,5608.387,161184600.25470,0
2023-05-04 19:00:00,28786.10,28838.00,28710.00,28815.00,7975.196,1683228599999,229539432.67890,103005,4203.478,120990320.13730,0
2023-05-04 19:30:00,28815.00,28886.80,28807.00,28883.20,7628.325,1683230399999,220125262.60710,95036,4043.745,116690139.46070,0
2023-05-04 20:00:00,28883.20,28884.90,28802.80,28851.90,3418.319,1683232199999,98556372.76540,48488,1617.964,46650197.14730,0
2023-05-04 20:30:00,28852.00,28913.30,28812.00,28856.80,6305.803,1683233999999,181983082.70070,68138,3387.500,97772408.44690,0
2023-05-04 21:00:00,28856.80,28884.50,28767.60,28803.80,4066.154,1683235799999,117200804.42180,51031,1605.034,46270946.70860,0
2023-05-04 21:30:00,28803.90,28846.10,28773.90,28830.00,2165.713,1683237599999,62402949.75210,36182,958.220,27613008.97850,0
2023-05-04 22:00:00,28830.10,28844.10,28731.20,28750.00,4847.085,1683239399999,139467212.80110,57860,2146.330,61754878.25140,0
2023-05-04 22:30:00,28750.00,28798.80,28749.90,28762.80,2657.186,1683241199999,76452204.06490,36847,1582.376,45527385.12230,0
2023-05-04 23:00:00,28762.90,28849.10,28761.90,28824.40,3756.548,1683242999999,108237867.79080,45252,2059.288,59332349.44220,0
2023-05-04 23:30:00,28824.50,28843.90,28788.80,28826.00,2224.181,1683244799999,64089599.38370,35072,1067.548,30761175.38570,0
2023-05-05 00:00:00,28826.00,28877.60,28802.80,28877.30,3388.910,1683246599999,97725553.77240,40842,1707.338,49242243.92490,0
2023-05-05 00:30:00,28877.30,28948.50,28864.10,28923.60,7441.266,1683248399999,215090608.59730,85466,3976.362,114941390.62540,0
2023-05-05 01:00:00,28923.60,28938.70,28863.40,28908.70,4115.554,1683250199999,118930879.62520,47071,1706.681,49319983.33110,0
2023-05-05 01:30:00,28908.60,29340.00,28908.60,29314.90,40047.500,1683251999999,1168917622.11814,290224,23211.955,677305476.27894,0
2023-05-05 02:00:00,29314.90,29551.00,29185.00,29230.00,36215.096,1683253799999,1063034344.93508,272719,18134.174,532429092.43030,0
2023-05-05 02:30:00,29230.10,29319.20,29219.20,29233.00,7933.874,1683255599999,232202726.23810,101265,4131.908,120939881.01970,0
2023-05-05 03:00:00,29233.00,29285.80,29203.40,29238.40,5349.510,1683257399999,156452866.51110,68007,2832.756,82853029.70100,0
2023-05-05 03:30:00,29238.40,29269.00,29130.00,29187.00,10535.329,1683259199999,307428948.97360,118294,4622.221,134886108.50700,0
2023-05-05 04:00:00,29187.00,29255.60,29174.30,29231.20,5865.106,1683260999999,171340667.68220,70062,3344.119,97697571.44060,0
2023-05-05 04:30:00,29231.20,29264.30,29202.20,29213.80,4223.998,1683262799999,123490598.86770,58851,1973.961,57713835.85570,0
2023-05-05 05:00:00,29213.80,29219.20,29140.70,29196.20,5263.685,1683264599999,153594929.15610,63913,2401.248,70069221.65780,0
2023-05-05 05:30:00,29196.20,29240.00,29182.00,29187.00,3836.709,1683266399999,112075323.29360,50377,2039.254,59571733.38270,0
2023-05-05 06:00:00,29186.90,29221.30,29164.60,29177.00,4098.535,1683268199999,119624220.83360,53540,2039.350,59526239.77230,0
2023-05-05 06:30:00,29177.10,29217.10,29110.00,29152.60,6285.533,1683269999999,183302527.07302,72524,2959.824,86328183.56400,0
2023-05-05 07:00:00,29152.60,29228.40,29055.00,29096.10,13447.716,1683271799999,391706413.35010,124465,6356.771,185207440.82600,0
2023-05-05 07:30:00,29096.20,29108.60,29025.00,29059.00,9700.667,1683273599999,281963673.99940,113241,4624.724,134434399.18960,0
2023-05-05 08:00:00,29058.90,29109.90,29025.70,29101.20,7106.827,1683275399999,206601377.72500,78753,3935.171,114407433.47170,0
2023-05-05 08:30:00,29101.10,29101.20,29028.10,29046.00,3671.791,1683277199999,106710418.39150,52067,1604.925,46643443.61900,0
2023-05-05 09:00:00,29046.00,29106.60,29010.00,29070.10,5955.463,1683278999999,173032271.17191,72151,3180.827,92429032.81860,0
2023-05-05 09:30:00,29070.10,29130.00,29050.00,29089.90,5871.578,1683280799999,170837051.88840,71361,2924.075,85084897.78800,0
2023-05-05 10:00:00,29089.90,29121.80,29062.20,29118.70,3683.257,1683282599999,107146473.57820,54257,1927.319,56070340.58320,0
2023-05-05 10:30:00,29118.70,29123.30,29053.30,29095.50,3647.551,1683284399999,106086371.34470,48570,1637.645,47627970.08820,0
2023-05-05 11:00:00,29095.40,29161.50,29075.60,29078.90,7030.479,1683286199999,204702395.90620,79706,3627.023,105615193.05410,0
2023-05-05 11:30:00,29078.90,29185.60,29054.00,29137.50,7138.611,1683287999999,207913648.07690,76844,3724.455,108485467.04860,0
2023-05-05 12:00:00,29137.60,29196.00,29110.00,29143.10,9592.516,1683289799999,279678830.30150,111730,4606.888,134325564.84610,0
2023-05-05 12:30:00,29143.10,29276.40,28618.30,28939.10,55872.591,1683291599999,1618360795.94560,395584,25937.956,751750982.48500,0
2023-05-05 13:00:00,28939.20,29026.60,28883.50,28991.90,13938.615,1683293399999,403592267.02970,140359,7272.125,210579870.06020,0
2023-05-05 13:30:00,28991.90,29230.00,28961.60,29163.70,28217.991,1683295199999,821699828.74631,223682,15075.315,438985405.50691,0
2023-05-05 14:00:00,29163.80,29223.60,29099.90,29150.10,14665.598,1683296999999,427677766.04360,143131,7634.187,222642657.88670,0
2023-05-05 14:30:00,29150.10,29437.50,29150.00,29244.80,38871.385,1683298799999,1139657658.76193,285493,20221.924,592871280.80563,0
2023-05-05 15:00:00,29244.90,29340.00,29150.00,29292.30,19695.395,1683300599999,575829521.84800,160660,10152.958,296886297.93930,0
2023-05-05 15:30:00,29292.30,29376.00,29232.50,29347.40,11791.828,1683302399999,345459051.46730,126449,6099.437,178732056.30420,0
2023-05-05 16:00:00,29347.50,29693.00,29347.40,29517.50,52233.272,1683304199999,1543697171.53325,384312,28342.263,837588121.51695,0
2023-05-05 16:30:00,29517.50,29580.70,29445.20,29580.00,16471.530,1683305999999,485963490.49520,160109,9116.171,268981501.16970,0
2023-05-05 17:00:00,29580.00,29667.00,29534.60,29558.30,14203.314,1683307799999,420364546.23840,146422,7084.133,209681032.48360,0
2023-05-05 17:30:00,29558.30,29610.50,29445.60,29455.30,12427.508,1683309599999,366853719.10810,131286,5507.439,162604370.51460,0
2023-05-05 18:00:00,29455.30,29525.40,29393.00,29484.00,10054.883,1683311399999,296187833.73430,101998,5158.362,151987336.67280,0
2023-05-05 18:30:00,29484.00,29535.80,29304.00,29391.20,13424.617,1683313199999,394653321.56358,138177,6150.568,180809886.97390,0
2023-05-05 19:00:00,29391.30,29429.40,29368.00,29417.20,5042.502,1683314999999,148228055.52750,67120,2734.549,80390361.33420,0
2023-05-05 19:30:00,29417.20,29551.00,29396.70,29548.70,9345.649,1683316799999,275457282.35274,99875,5272.914,155437869.95054,0
2023-05-05 20:00:00,29548.70,29583.90,29440.00,29474.90,7258.761,1683318599999,214199856.89170,78671,3569.431,105354270.68400,0
2023-05-05 20:30:00,29475.00,29530.00,29460.20,29483.00,3960.471,1683320399999,116835850.87850,53075,2077.659,61296268.48380,0
2023-05-05 21:00:00,29483.00,29544.60,29440.40,29511.20,4504.408,1683322199999,132845246.09230,56068,2263.319,66753579.60640,0
2023-05-05 21:30:00,29511.10,29529.00,29449.80,29475.20,2586.840,1683323999999,76276854.67040,41825,1250.711,36880347.29730,0
2023-05-05 22:00:00,29475.10,29555.00,29460.60,29504.60,4082.478,1683325799999,120480195.36070,57249,2276.448,67183156.74690,0
2023-05-05 22:30:00,29504.60,29650.00,29491.90,29579.90,7945.864,1683327599999,235066658.31880,79303,4586.374,135695317.31090,0
2023-05-05 23:00:00,29579.80,29589.50,29510.40,29526.60,4844.042,1683329399999,143140967.77780,61303,2197.914,64951187.36710,0
2023-05-05 23:30:00,29526.60,29539.00,29460.00,29491.50,5598.574,1683331199999,165105047.06420,61943,2173.536,64098738.43010,0
2023-05-06 00:00:00,29491.50,29585.00,29460.00,29543.70,6266.076,1683332999999,184949982.26560,66724,3255.792,96109590.47860,0
2023-05-06 00:30:00,29543.70,29840.00,29540.30,29657.30,26646.344,1683334799999,791970106.53894,205004,14967.752,444891843.12824,0
2023-05-06 01:00:00,29657.30,29674.20,29516.20,29556.40,10726.650,1683336599999,317400226.08734,109321,5072.382,150090321.15270,0
2023-05-06 01:30:00,29556.50,29617.40,29485.20,29535.20,7066.832,1683338399999,208829410.02140,76078,3628.522,107234512.42310,0
2023-05-06 02:00:00,29535.20,29538.50,29433.40,29469.50,7220.718,1683340199999,212825921.38800,78456,3029.813,89296477.52290,0
2023-05-06 02:30:00,29469.50,29491.30,29435.00,29457.80,3710.709,1683341999999,109332748.75060,47458,1910.726,56301285.06620,0
2023-05-06 03:00:00,29457.70,29463.00,29350.10,29368.80,8386.644,1683343799999,246593038.64440,90076,3569.486,104956653.79120,0
2023-05-06 03:30:00,29368.80,29404.70,29335.00,29360.10,6964.659,1683345599999,204540433.31620,80462,3804.546,111739431.14000,0
2023-05-06 04:00:00,29360.00,29403.20,29314.70,29368.80,6602.122,1683347399999,193845030.96203,58990,3422.284,100494893.77250,0
2023-05-06 04:30:00,29368.80,29404.60,29333.40,29342.60,3875.037,1683349199999,113787641.79970,48732,1927.185,56593533.92120,0
2023-05-06 05:00:00,29342.60,29382.60,29340.10,29365.50,2344.076,1683350999999,68822802.94190,32636,1274.638,37424256.46610,0
2023-05-06 05:30:00,29365.40,29380.00,29324.10,29340.40,4509.478,1683352799999,132350682.79460,52268,2030.887,59608353.45020,0
2023-05-06 06:00:00,29340.50,29382.00,29225.30,29335.70,10637.044,1683354599999,311820191.53880,93336,4650.327,136364590.53430,0
2023-05-06 06:30:00,29335.60,29382.20,29268.10,29376.10,5897.911,1683356399999,172971925.56950,61007,3177.732,93205470.37460,0
2023-05-06 07:00:00,29376.10,29398.90,29355.70,29396.70,3933.614,1683358199999,115552959.39710,49420,1954.743,57425383.14840,0
2023-05-06 07:30:00,29396.60,29430.00,29348.60,29350.20,4928.832,1683359999999,144824527.22720,56586,2243.430,65928769.30570,0
2023-05-06 08:00:00,29350.20,29359.20,29108.00,29291.30,21982.316,1683361799999,642542109.82791,171955,10280.906,300558301.61900,0
2023-05-06 08:30:00,29291.20,29347.20,29265.90,29320.70,7339.753,1683363599999,215159112.01118,72741,3853.917,112976048.42678,0
2023-05-06 09:00:00,29320.70,29352.60,29268.60,29286.10,5140.389,1683365399999,150645270.96660,62613,2264.820,66381398.20010,0
2023-05-06 09:30:00,29286.20,29338.70,29275.00,29276.10,3328.828,1683367199999,97564713.45290,46631,1775.475,52040292.43700,0
2023-05-06 10:00:00,29276.10,29314.00,29194.00,29201.80,8496.623,1683368999999,248535510.88020,91536,3756.851,109912344.89140,0
2023-05-06 10:30:00,29201.90,29262.80,29196.30,29236.40,4920.330,1683370799999,143817824.19170,58823,2719.090,79479014.91060,0
2023-05-06 11:00:00,29236.30,29260.00,29208.70,29234.80,3487.959,1683372599999,101986898.92290,45663,1650.117,48250645.56710,0
2023-05-06 11:30:00,29234.80,29273.00,29214.00,29264.50,3359.264,1683374399999,98263081.92060,42673,1870.732,54722476.31060,0
2023-05-06 12:00:00,29264.50,29266.70,29150.00,29244.50,6227.832,1683376199999,181980495.08660,63981,2612.069,76335111.98060,0
2023-05-06 12:30:00,29244.50,29244.60,29001.00,29088.00,27691.454,1683377999999,805197425.97173,205927,12730.229,370170551.17150,0
2023-05-06 13:00:00,29087.90,29088.00,28957.80,29020.60,15113.638,1683379799999,438663622.77530,149778,7217.861,209508492.66700,0
2023-05-06 13:30:00,29020.70,29020.70,28850.00,28937.30,21851.442,1683381599999,632365671.53040,189193,9965.744,288448778.81870,0
2023-05-06 14:00:00,28937.40,28937.40,28500.00,28627.50,49988.922,1683383399999,1433040218.18446,361046,22628.769,648653977.65460,0
2023-05-06 14:30:00,28627.50,28674.90,28541.10,28591.00,20533.126,1683385199999,587362354.05690,162631,9517.135,272277093.98270,0
2023-05-06 15:00:00,28591.00,28591.00,28333.00,28568.50,29546.302,1683386999999,841088530.55073,230423,13684.694,389622597.98780,0
2023-05-06 15:30:00,28568.50,28611.00,28520.00,28557.90,10719.648,1683388799999,306299434.89810,120322,5258.229,150255178.00150,0
2023-05-06 16:00:00,28557.90,28685.80,28519.40,28678.50,11794.142,1683390599999,337455948.42030,128043,6540.089,187129842.33360,0
2023-05-06 16:30:00,28678.40,28698.00,28621.70,28684.90,6464.771,1683392399999,185261972.38160,82724,3135.781,89866199.77240,0
2023-05-06 17:00:00,28684.90,28838.00,28653.90,28805.30,15308.817,1683394199999,440210507.56620,100858,8754.063,251760708.98240,0
2023-05-06 17:30:00,28805.20,28820.00,28720.10,28757.70,7649.017,1683395999999,219962773.89520,84314,3309.843,95179407.91520,0
2023-05-06 18:00:00,28757.60,28928.00,28755.60,28848.50,13547.097,1683397799999,390881084.16399,116741,7223.296,208414209.94239,0
2023-05-06 18:30:00,28848.40,28963.90,28831.20,28901.30,9489.885,1683399599999,274260123.77020,92406,4687.549,135490175.68130,0
2023-05-06 19:00:00,28901.30,28950.40,28837.30,28854.00,8695.709,1683401399999,251144628.01320,93720,3920.468,113241650.34030,0
2023-05-06 19:30:00,28854.10,28889.90,28830.00,28831.90,4261.093,1683403199999,122954771.95860,58324,1978.352,57089883.63500,0
2023-05-06 20:00:00,28831.90,28860.00,28768.30,28794.70,7749.364,1683404999999,223289383.32150,77549,3279.857,94512887.22740,0
2023-05-06 20:30:00,28794.80,28844.00,28780.80,28783.50,2784.532,1683406799999,80214277.09120,45943,1412.196,40683144.29270,0
2023-05-06 21:00:00,28783.60,28816.20,28712.00,28754.20,5510.762,1683408599999,158452835.13140,70499,2604.109,74882003.23900,0
2023-05-06 21:30:00,28754.20,28809.00,28620.20,28797.30,8252.282,1683410399999,236925472.30130,102939,4231.337,121512846.95160,0
2023-05-06 22:00:00,28797.30,28843.90,28746.20,28824.30,5066.996,1683412199999,145909335.17350,61261,2846.471,81969452.60990,0
2023-05-06 22:30:00,28824.20,28849.40,28789.30,28816.80,3265.051,1683413999999,94098992.25780,45299,1652.251,47620178.68740,0
2023-05-06 23:00:00,28816.90,28869.90,28806.10,28825.80,3923.754,1683415799999,113155914.88110,54143,1951.001,56264720.52760,0
2023-05-06 23:30:00,28825.80,28862.50,28791.90,28837.80,2421.057,1683417599999,69789467.04020,36757,1130.782,32601945.82480,0
2023-05-07 00:00:00,28837.90,28863.60,28789.30,28800.00,4433.569,1683419399999,127795514.17850,52095,2100.246,60539962.39230,0
2023-05-07 00:30:00,28799.90,28947.00,28775.00,28929.50,8297.098,1683421199999,239638172.34130,86289,4854.562,140227920.80120,0
2023-05-07 01:00:00,28929.50,29137.00,28798.00,29064.80,17944.535,1683422999999,520048290.07743,154023,10091.909,292548079.32873,0
2023-05-07 01:30:00,29064.70,29106.00,28835.50,28875.90,9703.140,1683424799999,280982069.94480,106554,3857.435,111722990.70030,0
2023-05-07 02:00:00,28876.00,28932.00,28811.10,28877.00,6363.242,1683426599999,183746411.14620,74060,2933.918,84730028.67680,0
2023-05-07 02:30:00,28877.10,28899.10,28800.00,28803.80,4696.936,1683428399999,135467221.70550,60735,2053.932,59239952.46660,0
2023-05-07 03:00:00,28803.80,28838.00,28755.00,28761.60,6814.911,1683430199999,196206065.38970,71759,3084.171,88804658.17140,0
2023-05-07 03:30:00,28761.50,28812.80,28730.20,28790.80,5090.130,1683431999999,146437603.41350,63996,2674.491,76950507.52980,0
2023-05-07 04:00:00,28790.80,28845.60,28786.00,28797.50,3055.861,1683433799999,88046023.36790,38963,1703.595,49088305.93240,0
2023-05-07 04:30:00,28797.40,28838.00,28771.90,28828.80,2851.333,1683435599999,82133141.98090,37925,1430.583,41214215.46010,0
2023-05-07 05:00:00,28828.90,28848.50,28810.50,28821.00,3069.828,1683437399999,88505557.38540,38696,1613.159,46510565.49200,0
2023-05-07 05:30:00,28821.00,28900.00,28821.00,28870.00,4977.915,1683439199999,143710345.83030,59351,2677.362,77295708.27190,0
2023-05-07 06:00:00,28869.90,28928.90,28850.00,28855.50,3755.684,1683440999999,108485653.84720,49980,1878.181,54259478.29230,0
2023-05-07 06:30:00,28855.50,28923.50,28850.00,28899.40,3705.261,1683442799999,107056105.87900,49332,1905.863,55070137.44010,0
2023-05-07 07:00:00,28899.40,28943.00,28875.80,28875.80,3525.303,1683444599999,101914934.85480,45493,1703.021,49238203.80620,0
2023-05-07 07:30:00,28875.90,28935.20,28875.80,28891.90,2820.505,1683446399999,81529593.37570,44717,1381.710,39939456.44910,0
2023-05-07 08:00:00,28891.80,28950.00,28890.20,28910.90,3955.644,1683448199999,114424089.44750,52426,2001.057,57885022.25390,0
2023-05-07 08:30:00,28911.00,28916.10,28830.00,28845.40,5659.286,1683449999999,163317944.54770,71498,2341.922,67579793.41130,0
2023-05-07 09:00:00,28845.50,28851.70,28750.20,28848.30,7584.529,1683451799999,218479909.66710,92530,3428.905,98780851.77170,0
2023-05-07 09:30:00,28848.40,28882.90,28780.40,28806.00,4823.094,1683453599999,139041442.46990,64066,2549.047,73491596.69550,0
2023-05-07 10:00:00,28806.00,28818.80,28778.50,28813.00,2943.015,1683455399999,84763530.07680,40140,1465.167,42201999.01780,0
2023-05-07 10:30:00,28813.00,28848.90,28795.20,28837.00,2834.402,1683457199999,81700181.06880,37468,1531.895,44156053.34730,0
2023-05-07 11:00:00,28837.00,28845.70,28691.20,28751.60,7088.546,1683458999999,203879242.89470,74740,2848.171,81925580.88670,0
2023-05-07 11:30:00,28751.70,28918.30,28742.00,28826.50,9651.032,1683460799999,278311856.69300,92111,5462.604,157527700.39980,0
2023-05-07 12:00:00,28826.50,28909.40,28825.00,28879.00,4893.130,1683462599999,141254258.17710,57761,2695.141,77802857.76710,0
2023-05-07 12:30:00,28879.10,28932.00,28860.70,28905.10,4943.707,1683464399999,142874785.75240,61629,2570.743,74296508.61920,0
2023-05-07 13:00:00,28905.10,28991.90,28875.10,28895.30,8067.571,1683466199999,233363411.94220,83145,4125.630,119359475.55990,0
2023-05-07 13:30:00,28895.30,28975.90,28871.20,28908.70,5996.433,1683467999999,173428051.71150,76286,2930.920,84778510.93970,0
2023-05-07 14:00:00,28908.60,28939.90,28869.40,28919.30,4090.767,1683469799999,118234986.02960,55912,2071.038,59863441.30780,0
2023-05-07 14:30:00,28919.20,29088.30,28919.20,29031.90,16764.071,1683471599999,486348354.81400,162976,8933.695,259202767.05750,0
2023-05-07 15:00:00,29031.90,29037.90,28920.80,28929.60,8074.374,1683473399999,233908357.82010,98154,3475.223,100671467.56980,0
2023-05-07 15:30:00,28929.70,28986.70,28884.00,28933.10,6166.137,1683475199999,178386282.63400,84205,3191.343,92328979.74590,0
2023-05-07 16:00:00,28933.10,28963.00,28837.50,28896.10,6669.061,1683476999999,192771046.02110,79256,2933.784,84811747.39080,0
2023-05-07 16:30:00,28896.10,28943.40,28800.00,28940.90,8378.630,1683478799999,241835842.19880,80289,4270.148,123273240.23250,0
2023-05-07 17:00:00,28940.90,29019.90,28900.00,28915.00,7490.858,1683480599999,216958732.44450,82058,3473.878,100626666.55690,0
2023-05-07 17:30:00,28914.90,28928.00,28861.90,28888.60,5053.028,1683482399999,145985580.18010,65118,2547.101,73592034.69660,0
2023-05-07 18:00:00,28888.50,28915.60,28877.50,28887.90,2725.816,1683484199999,78769930.40010,38273,1415.482,40906034.99020,0
2023-05-07 18:30:00,28888.00,28945.30,28840.10,28843.40,4018.732,1683485999999,116103326.97270,49941,1830.984,52909811.00370,0
2023-05-07 19:00:00,28843.50,28872.00,28753.60,28850.40,8923.432,1683487799999,257098237.73890,87629,4235.849,122057659.08790,0
2023-05-07 19:30:00,28850.40,28919.80,28822.30,28894.00,3553.418,1683489599999,102621294.19130,45780,1875.049,54149688.74070,0
2023-05-07 20:00:00,28894.00,28937.80,28893.20,28916.10,2517.174,1683491399999,72789696.10310,38379,1286.949,37214479.14530,0
2023-05-07 20:30:00,28916.10,28927.00,28867.20,28901.70,3315.921,1683493199999,95819131.18740,40970,1320.607,38163112.59930,0
2023-05-07 21:00:00,28901.60,28914.50,28830.00,28913.60,3742.611,1683494999999,108040371.04000,45682,1944.936,56147502.76840,0
2023-05-07 21:30:00,28913.60,28947.70,28715.30,28757.80,7980.121,1683496799999,229938460.73370,90821,3293.716,94927798.17130,0
2023-05-07 22:00:00,28757.90,28830.90,28700.00,28789.00,7593.623,1683498599999,218455643.81250,96432,3993.852,114917814.03550,0
2023-05-07 22:30:00,28789.00,28799.10,28722.00,28727.60,3525.827,1683500399999,101416892.67820,53016,1594.980,45880686.30940,0
2023-05-07 23:00:00,28727.50,28778.40,28620.00,28728.80,11420.707,1683502199999,327963395.64080,102303,5300.782,152251711.18620,0
2023-05-07 23:30:00,28728.80,28780.20,28370.00,28419.40,26860.695,1683503999999,766367688.54956,210299,11997.073,342246271.54000,0
2023-05-08 00:00:00,28419.50,28624.60,28345.00,28572.90,29409.131,1683505799999,837949651.69662,211511,14952.389,426106201.02990,0
2023-05-08 00:30:00,28572.90,28597.40,28525.90,28563.50,5529.854,1683507599999,157922653.23430,66848,2600.856,74278015.01940,0
2023-05-08 01:00:00,28563.40,28580.80,28433.50,28447.60,10060.391,1683509399999,286874490.04920,92609,4737.172,135097306.39590,0
2023-05-08 01:30:00,28447.50,28577.80,28050.00,28207.90,46566.739,1683511199999,1313365289.16888,304647,21199.639,597844228.41460,0
2023-05-08 02:00:00,28208.00,28268.50,28116.80,28224.10,17543.636,1683512999999,494813425.45280,146377,8625.262,243298053.86370,0
2023-05-08 02:30:00,28224.00,28293.80,28153.40,28267.80,7566.373,1683514799999,213523783.04140,85831,3793.581,107067117.52220,0
2023-05-08 03:00:00,28267.90,28267.90,28137.10,28150.00,5896.793,1683516599999,166281864.66730,77410,2759.290,77807255.70490,0
2023-05-08 03:30:00,28149.90,28200.00,28000.00,28188.00,20264.435,1683518399999,569634770.19160,166538,9125.621,256608539.22570,0
2023-05-08 04:00:00,28188.10,28207.60,28142.40,28165.00,8298.782,1683520199999,233853029.84080,82440,4371.514,123196499.66830,0
2023-05-08 04:30:00,28165.00,28219.80,28100.20,28110.20,6493.341,1683521999999,182837607.60710,78338,2952.529,83138155.19450,0
2023-05-08 05:00:00,28110.20,28196.00,28057.80,28172.40,9741.448,1683523799999,274010282.18740,91242,4934.409,138829949.32330,0
2023-05-08 05:30:00,28172.40,28249.00,28160.20,28243.80,7075.301,1683525599999,199623191.06440,77140,4014.059,113252076.36320,0
2023-05-08 06:00:00,28243.80,28246.40,28183.00,28223.60,4658.566,1683527399999,131423028.28210,52126,2144.027,60486355.73780,0
2023-05-08 06:30:00,28223.50,28230.00,28120.00,28158.20,5807.122,1683529199999,163535915.75260,63753,2771.893,78062804.75570,0
2023-05-08 07:00:00,28158.20,28179.30,28085.00,28112.00,8157.761,1683530999999,229378626.71860,80789,3349.735,94193459.61750,0
2023-05-08 07:30:00,28111.90,28125.80,27800.00,27957.80,32121.830,1683532799999,897750680.73419,238650,12809.703,358056776.21940,0
2023-05-08 08:00:00,27957.70,27977.60,27827.00,27916.70,18193.312,1683534599999,507532249.48790,159841,8627.776,240701883.38620,0
2023-05-08 08:30:00,27916.60,27944.70,27550.00,27690.90,34718.727,1683536399999,963103623.51989,271998,14663.447,406915157.35660,0
2023-05-08 09:00:00,27691.00,27884.50,27663.40,27871.40,19236.178,1683538199999,534409044.05510,177583,11030.437,306428358.09510,0
2023-05-08 09:30:00,27871.50,27925.80,27821.70,27900.00,9076.317,1683539999999,252924002.10540,105590,4374.744,121926586.56150,0
2023-05-08 10:00:00,27900.00,27938.10,27855.00,27918.80,10049.461,1683541799999,280323068.31378,103819,5245.893,146342849.41808,0
2023-05-08 10:30:00,27918.80,27934.80,27884.40,27923.40,4640.733,1683543599999,129523421.58120,66097,2403.510,67083662.99730,0
2023-05-08 11:00:00,27923.40,27964.60,27856.20,27909.70,7869.431,1683545399999,219678815.28480,90977,3969.367,110819660.11520,0
2023-05-08 11:30:00,27909.60,27958.00,27875.50,27922.20,5196.118,1683547199999,145040395.95200,71380,2646.493,73872810.50040,0
2023-05-08 12:00:00,27922.20,27932.90,27800.00,27859.60,9931.136,1683548999999,276574498.65010,107022,4731.503,131765668.00410,0
2023-05-08 12:30:00,27859.60,27862.00,27726.80,27756.80,10581.501,1683550799999,294125487.60832,112437,4773.670,132714114.43590,0
2023-05-08 13:00:00,27756.90,27960.00,27717.10,27916.30,16303.387,1683552599999,454059950.75638,162515,8920.401,248437722.85638,0
2023-05-08 13:30:00,27916.40,27923.20,27822.60,27844.60,9598.275,1683554399999,267477328.94010,103295,4284.046,119379245.15850,0
2023-05-08 14:00:00,27844.60,27876.70,27742.00,27772.60,11321.312,1683556199999,314766429.81470,118586,5481.905,152418076.66520,0
2023-05-08 14:30:00,27772.60,27973.10,27651.50,27958.10,20775.351,1683557999999,578199116.97000,184998,11197.298,311751330.06778,0
2023-05-08 15:00:00,27958.20,28074.90,27872.10,27906.60,23417.642,1683559799999,654931267.04820,199485,11663.975,326281903.38220,0
2023-05-08 15:30:00,27906.50,27912.60,27832.70,27874.10,8192.908,1683561599999,228346458.41200,93377,4039.231,112580770.88270,0
2023-05-08 16:00:00,27874.20,27918.00,27818.40,27883.20,7903.296,1683563399999,220215505.70820,92430,4069.447,113405164.25110,0
2023-05-08 16:30:00,27883.20,27910.00,27827.30,27858.00,4613.691,1683565199999,128583610.48530,70930,2420.132,67450329.71630,0
2023-05-08 17:00:00,27858.00,27883.40,27780.80,27875.10,6552.584,1683566999999,182448249.99300,97695,3086.491,85949195.04450,0
2023-05-08 17:30:00,27875.00,27896.70,27522.90,27522.90,22584.849,1683568799999,626159569.60510,205832,9367.179,259889151.72480,0
2023-05-08 18:00:00,27525.00,27600.00,27290.00,27507.70,61613.681,1683570599999,1690290945.15517,435731,29465.608,808403608.69618,0
2023-05-08 18:30:00,27507.70,27530.80,27424.90,27465.30,13321.600,1683572399999,366091338.57680,156225,6665.851,183189537.47200,0
2023-05-08 19:00:00,27465.30,27489.50,27317.70,27483.90,17421.803,1683574199999,477291747.87726,188809,8960.529,245489508.08880,0
2023-05-08 19:30:00,27483.80,27483.90,27260.90,27329.10,14626.016,1683575999999,400141227.83310,164090,6242.565,170796131.20020,0
2023-05-08 20:00:00,27329.00,27500.00,27250.00,27462.80,21057.173,1683577799999,576385677.09150,187945,11179.399,306034648.67380,0
2023-05-08 20:30:00,27462.70,27539.80,27462.70,27519.00,7723.114,1683579599999,212443635.35750,105628,4079.703,112222589.58960,0
2023-05-08 21:00:00,27519.10,27528.00,27405.00,27480.50,7053.274,1683581399999,193619629.21820,88769,3213.562,88213626.34550,0
2023-05-08 21:30:00,27480.50,27642.80,27434.10,27531.20,7988.423,1683583199999,220066957.12678,98621,4424.913,121919112.05068,0
2023-05-08 22:00:00,27531.20,27631.10,27512.50,27587.80,5928.109,1683584999999,163486260.12400,82839,2990.504,82472189.24630,0
2023-05-08 22:30:00,27587.80,27650.00,27582.40,27638.50,4664.478,1683586799999,128791485.06290,56168,2566.369,70864307.91830,0
2023-05-08 23:00:00,27638.10,27678.90,27565.60,27655.60,6827.565,1683588599999,188632992.59220,75655,3457.962,95546322.07430,0
2023-05-08 23:30:00,27655.70,27686.50,27613.50,27659.80,4015.829,1683590399999,111035756.73930,56111,2093.881,57899479.79220,0
2023-05-09 00:00:00,27659.80,27663.50,27566.20,27595.00,5262.226,1683592199999,145318875.12570,63954,2036.576,56239110.79770,0
2023-05-09 00:30:00,27595.00,27605.70,27528.20,27568.20,4732.012,1683593999999,130435640.89610,58826,1946.901,53665505.94260,0
2023-05-09 01:00:00,27568.30,27732.30,27549.10,27670.40,10458.358,1683595799999,289143957.88480,104322,6212.333,171756889.46960,0
2023-05-09 01:30:00,27670.40,27747.90,27620.50,27687.30,8381.698,1683597599999,232039813.69052,107051,4555.403,126114039.23382,0
2023-05-09 02:00:00,27687.30,27689.90,27558.50,27594.20,6077.000,1683599399999,167811157.57440,83885,2509.904,69315000.74740,0
2023-05-09 02:30:00,27594.20,27635.60,27546.00,27628.40,3468.063,1683601199999,95684741.55438,54530,1866.052,51493185.75800,0
2023-05-09 03:00:00,27628.40,27628.40,27529.20,27561.80,4315.472,1683602999999,119005290.77920,59325,1976.913,54518532.49990,0
2023-05-09 03:30:00,27561.80,27636.60,27555.20,27612.50,3361.250,1683604799999,92752978.63130,51685,1970.971,54391362.53910,0
2023-05-09 04:00:00,27612.40,27633.50,27562.60,27632.80,3542.151,1683606599999,97769633.23750,51064,1702.348,46991606.81470,0
2023-05-09 04:30:00,27632.90,27633.50,27555.40,27598.00,3572.993,1683608399999,98591599.12680,52597,1630.681,44991646.45490,0
2023-05-09 05:00:00,27598.00,27604.60,27536.00,27553.30,3965.765,1683610199999,109332884.17890,59939,1803.175,49712290.98640,0
2023-05-09 05:30:00,27553.30,27589.70,27492.00,27540.20,6770.970,1683611999999,186505848.86800,79917,3219.258,88685519.48400,0
2023-05-09 06:00:00,27540.30,27540.30,27445.40,27471.90,9126.806,1683613799999,250857738.12470,104021,4090.508,112430938.47640,0
2023-05-09 06:30:00,27472.00,27582.40,27423.90,27535.00,8565.329,1683615599999,235586687.81270,105642,4708.751,129534456.76240,0
2023-05-09 07:00:00,27535.10,27583.40,27496.00,27583.00,4966.514,1683617399999,136783776.99750,66808,2625.419,72312980.94200,0
2023-05-09 07:30:00,27583.00,27661.70,27542.30,27649.30,7049.574,1683619199999,194597203.29920,97820,4084.745,112767714.49280,0
2023-05-09 08:00:00,27649.30,27655.10,27580.00,27580.40,4914.980,1683620999999,135707290.11130,70709,1944.103,53679761.35580,0
2023-05-09 08:30:00,27580.40,27602.40,27536.80,27556.90,4010.746,1683622799999,110560286.35440,62448,1937.640,53416989.74990,0
2023-05-09 09:00:00,27557.00,27586.90,27530.00,27581.10,3859.388,1683624599999,106357187.19760,58130,2121.426,58466349.19400,0
2023-05-09 09:30:00,27581.20,27584.50,27520.10,27569.40,3446.707,1683626399999,94973998.49280,51433,1613.288,44456375.56130,0
2023-05-09 10:00:00,27569.40,27612.90,27538.60,27611.20,3447.254,1683628199999,95046445.28950,49331,1847.926,50958888.15910,0
2023-05-09 10:30:00,27611.20,27642.30,27552.60,27573.70,5431.387,1683629999999,149927101.31500,79057,2853.591,78777682.59430,0
2023-05-09 11:00:00,27573.70,27587.00,27502.30,27576.50,6541.855,1683631799999,180234866.18890,73764,3130.176,86243576.90780,0
2023-05-09 11:30:00,27576.50,27719.00,27576.50,27663.90,10659.840,1683633599999,294773553.19800,124757,6163.016,170425524.32310,0
2023-05-09 12:00:00,27663.90,27815.60,27635.10,27753.20,19931.100,1683635399999,552802939.11962,185545,10657.665,295628143.54892,0
2023-05-09 12:30:00,27753.20,27777.00,27701.00,27744.90,6442.440,1683637199999,178643648.39080,91559,3138.022,87022099.83610,0
2023-05-09 13:00:00,27744.90,27810.00,27680.00,27692.00,10971.690,1683638999999,304421697.24030,125177,5247.370,145632118.08660,0
2023-05-09 13:30:00,27692.10,27708.50,27537.00,27605.40,17314.621,1683640799999,478162153.13398,172387,7672.843,211904598.50810,0
2023-05-09 14:00:00,27605.40,27612.80,27388.50,27400.00,23952.910,1683642599999,658288195.83150,215099,10533.009,289490301.08100,0
2023-05-09 14:30:00,27399.90,27618.40,27395.00,27523.10,17272.157,1683644399999,475202671.13590,164615,9640.180,265239929.20710,0
2023-05-09 15:00:00,27523.10,27577.00,27434.00,27473.80,9831.561,1683646199999,270360899.30270,126943,4662.302,128221655.31010,0
2023-05-09 15:30:00,27473.80,27509.30,27316.80,27385.80,13572.447,1683647999999,372154225.32546,148035,5787.625,158724625.69580,0
2023-05-09 16:00:00,27385.80,27486.70,27334.60,27440.70,13605.947,1683649799999,372909186.44650,157475,7121.029,195196057.76950,0
2023-05-09 16:30:00,27440.70,27695.00,27440.50,27691.20,17517.851,1683651599999,482754995.34788,144811,10689.949,294576064.59118,0
2023-05-09 17:00:00,27691.20,27739.60,27587.20,27620.00,13422.436,1683653399999,371274770.56842,140021,6227.769,172284580.71952,0
2023-05-09 17:30:00,27619.90,27655.00,27550.20,27605.50,6187.484,1683655199999,170820848.20330,80456,3050.142,84211938.52840,0
2023-05-09 18:00:00,27605.40,27632.80,27560.00,27598.10,4938.468,1683656999999,136290876.67290,65890,2597.270,71683906.01940,0
2023-05-09 18:30:00,27598.10,27667.70,27510.30,27546.00,7613.042,1683658799999,210049560.00508,90401,3566.327,98427538.20820,0
2023-05-09 19:00:00,27545.90,27615.90,27476.40,27597.40,8342.431,1683660599999,229815715.21450,89050,4339.574,119558318.01090,0
2023-05-09 19:30:00,27597.40,27714.20,27563.20,27704.70,7116.460,1683662399999,196646119.80240,81086,4368.405,120729726.43850,0
2023-05-09 20:00:00,27704.70,27769.40,27613.30,27632.00,10542.595,1683664199999,291998946.93402,112811,5369.472,148733221.86632,0
2023-05-09 20:30:00,27631.80,27663.00,27587.60,27636.00,4138.013,1683665999999,114319423.73050,58738,2239.804,61878875.57660,0
2023-05-09 21:00:00,27636.00,27649.10,27585.40,27614.90,3157.197,1683667799999,87165931.32310,42117,1391.442,38414737.09150,0
2023-05-09 21:30:00,27614.90,27640.50,27566.00,27589.70,2704.471,1683669599999,74673588.35110,39132,1268.613,35030657.93440,0
2023-05-09 22:00:00,27589.60,27597.60,27501.30,27540.10,6073.802,1683671399999,167338017.91978,65787,2350.979,64770783.00940,0
2023-05-09 22:30:00,27540.20,27564.00,27518.90,27564.00,2151.882,1683673199999,59278304.21640,33145,1189.297,32762954.45080,0
2023-05-09 23:00:00,27564.00,27602.30,27561.20,27576.30,2164.391,1683674999999,59692457.20560,31680,1229.469,33909102.41480,0
2023-05-09 23:30:00,27576.30,27647.90,27563.50,27610.20,2770.952,1683676799999,76513019.11650,44841,1499.740,41412950.61130,0
2023-05-10 00:00:00,27610.20,27785.90,27605.00,27754.20,10021.983,1683678599999,277591668.55172,95479,6131.448,169841815.35212,0
2023-05-10 00:30:00,27754.30,27772.90,27677.30,27736.00,8051.807,1683680399999,223265946.78850,88150,3821.218,105956285.59170,0
2023-05-10 01:00:00,27735.90,27848.70,27703.80,27737.10,9192.064,1683682199999,255245198.22670,91963,5004.469,138985921.29120,0
2023-05-10 01:30:00,27737.10,27751.90,27657.20,27685.20,5445.434,1683683999999,150805719.36070,70863,2278.624,63099334.66190,0
2023-05-10 02:00:00,27685.10,27734.30,27683.40,27726.00,3380.257,1683685799999,93646188.80350,45414,1831.157,50731381.11190,0
2023-05-10 02:30:00,27726.10,27730.60,27644.40,27662.70,4579.718,1683687599999,126702114.34640,57301,1912.649,52911419.64570,0
2023-05-10 03:00:00,27662.60,27708.00,27654.60,27660.00,2877.019,1683689399999,79626262.24050,39188,1580.114,43735545.63090,0
2023-05-10 03:30:00,27660.00,27715.00,27628.60,27668.80,3769.874,1683691199999,104332259.28760,46387,1774.234,49108782.27170,0
2023-05-10 04:00:00,27668.90,27674.70,27630.00,27654.90,3005.301,1683692999999,83112648.52760,35856,1415.014,39135685.90330,0
2023-05-10 04:30:00,27654.80,27680.30,27642.40,27673.60,2092.379,1683694799999,57885393.45080,30544,1286.431,35589499.26390,0
2023-05-10 05:00:00,27673.60,27712.00,27649.60,27662.40,3385.438,1683696599999,93715955.58610,41860,1722.685,47689711.79580,0
2023-05-10 05:30:00,27662.30,27672.00,27635.00,27646.10,2400.577,1683698399999,66385291.57300,35378,1178.243,32583797.58380,0
2023-05-10 06:00:00,27646.10,27646.20,27575.00,27596.70,6165.456,1683700199999,170171290.84030,77649,2670.978,73718689.36330,0
2023-05-10 06:30:00,27596.80,27619.20,27565.00,27613.40,3189.175,1683701999999,88002083.29100,41740,1413.121,38995653.88540,0
2023-05-10 07:00:00,27613.40,27620.20,27513.00,27527.90,7779.854,1683703799999,214413005.10018,76521,3187.835,87864540.28950,0
2023-05-10 07:30:00,27528.00,27565.90,27507.00,27532.40,4292.234,1683705599999,118211729.29270,56572,2129.095,58640638.50980,0
2023-05-10 08:00:00,27532.30,27585.00,27457.80,27549.50,9906.568,1683707399999,272692215.29140,105433,5082.771,139939680.68960,0
2023-05-10 08:30:00,27549.50,27587.90,27525.30,27560.40,3726.818,1683709199999,102691258.32650,51017,1955.027,53874068.19050,0
2023-05-10 09:00:00,27560.40,27568.70,27531.60,27547.40,2663.330,1683710999999,73374064.14110,38951,1330.066,36643681.28800,0
2023-05-10 09:30:00,27547.40,27599.80,27528.00,27566.70,3823.879,1683712799999,105420704.33990,54164,2080.914,57371948.85530,0
2023-05-10 10:00:00,27566.70,27601.00,27515.40,27529.70,4946.061,1683714599999,136341866.93300,58832,2306.616,63595975.76550,0
2023-05-10 10:30:00,27529.80,27592.30,27527.90,27579.20,3358.638,1683716399999,92576112.69820,47531,1737.389,47888515.89110,0
2023-05-10 11:00:00,27579.20,27636.00,27575.10,27594.00,5709.817,1683718199999,157626694.93670,62150,3148.898,86930515.82190,0
2023-05-10 11:30:00,27594.10,27669.80,27586.30,27660.70,5744.551,1683719999999,158732846.30430,77923,3303.601,91285341.99110,0
2023-05-10 12:00:00,27660.60,27756.70,27623.40,27703.60,16813.616,1683721799999,465685086.52912,171685,8747.069,242295707.64042,0
2023-05-10 12:30:00,27703.50,28169.00,27703.50,28160.10,80886.510,1683723599999,2263100732.78523,587575,43418.972,1214774474.37503,0
2023-05-10 13:00:00,28160.20,28297.00,28014.40,28089.90,45401.208,1683725399999,1278911039.15148,364805,22611.433,637068903.06278,0
2023-05-10 13:30:00,28090.00,28220.00,28070.00,28153.70,20782.961,1683727199999,584800600.09120,209500,10599.295,298282226.80880,0
2023-05-10 14:00:00,28153.80,28243.80,28100.80,28185.90,15906.291,1683728999999,448194046.82040,170163,8086.987,227891610.48120,0
2023-05-10 14:30:00,28186.00,28219.90,28032.00,28078.00,15372.591,1683730799999,432045494.34410,169033,6963.230,195697285.00740,0
2023-05-10 15:00:00,28077.90,28130.80,28062.90,28094.30,8182.075,1683732599999,229877920.48990,101645,4573.231,128492546.30870,0
2023-05-10 15:30:00,28094.40,28207.00,28090.30,28141.20,10604.828,1683734399999,298616701.61940,128908,5492.262,154650439.10720,0
2023-05-10 16:00:00,28141.20,28280.00,28131.10,28278.20,15961.002,1683736199999,450378496.02050,165707,8737.303,246554305.61680,0
2023-05-10 16:30:00,28278.30,28290.00,28160.00,28166.60,10664.512,1683737999999,300931171.03860,121365,5088.275,143589960.19020,0
2023-05-10 17:00:00,28166.60,28207.90,26666.60,27130.10,134174.094,1683739799999,3662316641.93494,894970,59604.649,1625625646.74430,0
2023-05-10 17:30:00,27130.10,27509.90,27100.00,27481.10,54683.269,1683741599999,1493836496.54689,432668,28286.498,772831303.67819,0
2023-05-10 18:00:00,27481.10,27525.70,27335.00,27450.00,24092.135,1683743399999,660954989.61310,214234,10606.784,291049553.44630,0
2023-05-10 18:30:00,27450.00,27477.50,27371.90,27417.00,10378.127,1683745199999,284612772.59540,127241,4719.209,129427762.89690,0
2023-05-10 19:00:00,27417.00,27780.00,27396.10,27675.40,30988.396,1683746999999,857163638.51477,259020,16564.450,458051830.75127,0
2023-05-10 19:30:00,27675.40,27735.00,27639.40,27683.60,8672.385,1683748799999,240132523.57590,116148,4302.963,119152112.93950,0
2023-05-10 20:00:00,27683.60,27979.80,27641.00,27844.20,22063.559,1683750599999,614071985.83119,193198,12054.073,335496050.63079,0
2023-05-10 20:30:00,27844.20,27904.50,27833.30,27848.30,7691.439,1683752399999,214307701.60030,93131,4035.105,112433971.02710,0
2023-05-10 21:00:00,27848.40,27860.00,27177.00,27527.30,28166.748,1683754199999,775596077.47007,226549,11670.874,321264535.35428,0
2023-05-10 21:30:00,27527.30,27570.00,27352.80,27497.50,12487.709,1683755999999,343006140.12454,141103,6397.656,175756766.46608,0
2023-05-10 22:00:00,27497.40,27566.00,27480.00,27522.20,5872.869,1683757799999,161592943.57010,74883,3256.038,89594907.29730,0
2023-05-10 22:30:00,27522.30,27697.00,27505.10,27655.50,9971.601,1683759599999,275252206.51230,108486,5536.190,152813068.82080,0
2023-05-10 23:00:00,27655.50,27715.30,27572.90,27601.60,8005.003,1683761399999,221241162.36370,101103,3721.298,102860291.82790,0
2023-05-10 23:30:00,27601.60,27641.60,27560.00,27582.90,5171.516,1683763199999,142697712.86800,67435,2483.570,68536210.26730,0
2023-05-11 00:00:00,27583.00,27611.50,27492.80,27533.20,8259.834,1683764999999,227582758.57590,93747,3563.246,98178475.48770,0
2023-05-11 00:30:00,27533.10,27545.90,27410.30,27500.00,10796.418,1683766799999,296718315.39320,118359,5032.917,138317325.81370,0
2023-05-11 01:00:00,27500.00,27572.30,27500.00,27513.40,5813.764,1683768599999,160081796.47960,66442,3207.141,88310721.39080,0
2023-05-11 01:30:00,27513.40,27561.50,27462.00,27543.50,6556.083,1683770399999,180418974.25090,69937,3336.767,91836571.17320,0
2023-05-11 02:00:00,27543.50,27571.70,27500.00,27532.20,4459.179,1683772199999,122782572.18180,57461,2273.349,62599057.09460,0
2023-05-11 02:30:00,27532.10,27544.50,27486.70,27495.90,4385.688,1683773999999,120640504.07080,48701,1730.926,47614641.34810,0
2023-05-11 03:00:00,27495.80,27495.80,27352.30,27431.10,11787.498,1683775799999,323217190.32056,136079,5459.571,149706080.73320,0
2023-05-11 03:30:00,27431.10,27455.50,27392.40,27435.10,4820.993,1683777599999,132242389.69220,66530,2601.008,71346023.41740,0
2023-05-11 04:00:00,27435.10,27480.90,27382.40,27405.50,5991.373,1683779399999,164349556.18950,76319,2905.162,79701354.45490,0
2023-05-11 04:30:00,27405.60,27484.00,27394.80,27484.00,4165.452,1683781199999,114330397.46900,60376,2445.139,67115668.52470,0
2023-05-11 05:00:00,27484.00,27484.10,27412.00,27450.70,3439.894,1683782999999,94437676.67680,53992,1545.456,42428077.25670,0
2023-05-11 05:30:00,27450.70,27527.60,27426.00,27515.40,5790.542,1683784799999,159132343.59640,68092,3440.206,94550341.71710,0
2023-05-11 06:00:00,27515.50,27526.00,27460.10,27483.80,3932.342,1683786599999,108100916.88690,60634,1755.274,48253761.29410,0
2023-05-11 06:30:00,27483.80,27496.90,27444.90,27489.20,3244.930,1683788399999,89144492.04960,50090,1731.005,47555660.35680,0
2023-05-11 07:00:00,27489.30,27527.00,27474.10,27514.20,4482.311,1683790199999,123302140.62430,59728,2581.964,71026548.74950,0
2023-05-11 07:30:00,27514.20,27544.10,27401.10,27437.50,8145.430,1683791999999,223772488.50610,77820,3353.399,92136633.59830,0
2023-05-11 08:00:00,27437.50,27438.90,27220.00,27398.30,18824.998,1683793799999,515113713.95500,172556,8907.354,243791177.84070,0
2023-05-11 08:30:00,27398.40,27423.00,27364.80,27381.90,5759.922,1683795599999,157761456.72590,81424,2996.787,82082468.34800,0
2023-05-11 09:00:00,27381.80,27413.10,27335.50,27390.10,6728.408,1683797399999,184175110.41330,82397,3370.958,92281722.86860,0
2023-05-11 09:30:00,27390.00,27440.00,27358.00,27404.40,4759.301,1683799199999,130436691.57020,64745,2656.616,72809380.81720,0
2023-05-11 10:00:00,27404.30,27452.00,27394.00,27434.50,3571.398,1683800999999,97930580.04150,48372,2003.447,54939347.60150,0
2023-05-11 10:30:00,27434.40,27478.60,27405.50,27446.60,4991.315,1683802799999,137030582.23900,61996,2587.997,71053818.62620,0
2023-05-11 11:00:00,27446.60,27460.80,27439.50,27451.80,1041.120,1683804599999,28579552.96580,12377,487.641,13385812.75380,0
